date_formatted,day_of_year,month,day_of_year,normal_high,normal_low,normal_temp,max_temp_p10,max_temp_p90,min_temp_p10,min_temp_p90
Jan-01,1.0,Jan,1.0,35.48,22.45,28.69,25.19,46.24,11.82,32.65
Jan-02,2.0,Jan,2.0,35.45,22.43,28.69,25.16,46.21,11.79,32.63
Jan-03,3.0,Jan,3.0,35.43,22.42,28.7,25.15,46.19,11.78,32.62
Jan-04,4.0,Jan,4.0,35.43,22.42,28.72,25.15,46.19,11.77,32.61
Jan-05,5.0,Jan,5.0,35.45,22.43,28.76,25.17,46.21,11.78,32.62
Jan-06,6.0,Jan,6.0,35.48,22.45,28.8,25.2,46.24,11.8,32.63
Jan-07,7.0,Jan,7.0,35.52,22.48,28.86,25.24,46.28,11.84,32.64
Jan-08,8.0,Jan,8.0,35.57,22.51,28.92,25.3,46.34,11.88,32.67
Jan-09,9.0,Jan,9.0,35.64,22.56,29.0,25.37,46.42,11.94,32.7
Jan-10,10.0,Jan,10.0,35.72,22.61,29.08,25.44,46.51,12.0,32.74
Jan-11,11.0,Jan,11.0,35.82,22.67,29.18,25.54,46.61,12.08,32.78
Jan-12,12.0,Jan,12.0,35.92,22.74,29.28,25.64,46.73,12.17,32.83
Jan-13,13.0,Jan,13.0,36.04,22.82,29.39,25.75,46.86,12.26,32.89
Jan-14,14.0,Jan,14.0,36.17,22.9,29.51,25.88,47.0,12.37,32.95
Jan-15,15.0,Jan,15.0,36.3,22.99,29.64,26.01,47.16,12.49,33.02
Jan-16,16.0,Jan,16.0,36.45,23.09,29.78,26.16,47.32,12.61,33.1
Jan-17,17.0,Jan,17.0,36.61,23.19,29.92,26.31,47.5,12.75,33.18
Jan-18,18.0,Jan,18.0,36.78,23.31,30.08,26.48,47.69,12.89,33.27
Jan-19,19.0,Jan,19.0,36.96,23.42,30.24,26.65,47.89,13.04,33.36
Jan-20,20.0,Jan,20.0,37.15,23.55,30.4,26.84,48.09,13.2,33.46
Jan-21,21.0,Jan,21.0,37.35,23.68,30.58,27.03,48.31,13.37,33.56
Jan-22,22.0,Jan,22.0,37.56,23.82,30.76,27.23,48.54,13.54,33.67
Jan-23,23.0,Jan,23.0,37.77,23.96,30.94,27.44,48.78,13.72,33.78
Jan-24,24.0,Jan,24.0,38.0,24.11,31.14,27.65,49.02,13.91,33.89
Jan-25,25.0,Jan,25.0,38.23,24.26,31.34,27.87,49.28,14.11,34.02
Jan-26,26.0,Jan,26.0,38.47,24.42,31.54,28.1,49.54,14.31,34.14
Jan-27,27.0,Jan,27.0,38.71,24.58,31.75,28.34,49.81,14.52,34.27
Jan-28,28.0,Jan,28.0,38.97,24.75,31.97,28.58,50.08,14.73,34.41
Jan-29,29.0,Jan,29.0,39.23,24.92,32.19,28.83,50.36,14.95,34.54
Jan-30,30.0,Jan,30.0,39.49,25.1,32.41,29.09,50.65,15.17,34.69
Jan-31,31.0,Jan,31.0,39.76,25.28,32.64,29.35,50.95,15.4,34.83
Feb-01,32.0,Feb,32.0,40.04,25.46,32.88,29.61,51.25,15.64,34.98
Feb-02,33.0,Feb,33.0,40.32,25.65,33.11,29.88,51.55,15.88,35.13
Feb-03,34.0,Feb,34.0,40.61,25.84,33.35,30.16,51.86,16.12,35.29
Feb-04,35.0,Feb,35.0,40.9,26.04,33.6,30.43,52.17,16.37,35.45
Feb-05,36.0,Feb,36.0,41.19,26.24,33.85,30.72,52.49,16.62,35.61
Feb-06,37.0,Feb,37.0,41.49,26.44,34.1,31.0,52.81,16.88,35.78
Feb-07,38.0,Feb,38.0,41.79,26.65,34.35,31.29,53.14,17.14,35.95
Feb-08,39.0,Feb,39.0,42.1,26.85,34.61,31.58,53.46,17.4,36.12
Feb-09,40.0,Feb,40.0,42.41,27.06,34.87,31.88,53.79,17.66,36.29
Feb-10,41.0,Feb,41.0,42.72,27.27,35.13,32.17,54.12,17.93,36.46
Feb-11,42.0,Feb,42.0,43.03,27.49,35.39,32.47,54.45,18.19,36.64
Feb-12,43.0,Feb,43.0,43.35,27.7,35.65,32.77,54.79,18.46,36.82
Feb-13,44.0,Feb,44.0,43.66,27.92,35.92,33.07,55.12,18.74,37.0
Feb-14,45.0,Feb,45.0,43.98,28.14,36.18,33.38,55.46,19.01,37.19
Feb-15,46.0,Feb,46.0,44.3,28.36,36.45,33.68,55.79,19.28,37.37
Feb-16,47.0,Feb,47.0,44.62,28.58,36.72,33.98,56.12,19.56,37.56
Feb-17,48.0,Feb,48.0,44.94,28.8,36.98,34.28,56.46,19.83,37.74
Feb-18,49.0,Feb,49.0,45.26,29.02,37.25,34.59,56.79,20.11,37.93
Feb-19,50.0,Feb,50.0,45.58,29.25,37.52,34.89,57.12,20.38,38.12
Feb-20,51.0,Feb,51.0,45.9,29.47,37.79,35.19,57.45,20.66,38.31
Feb-21,52.0,Feb,52.0,46.22,29.69,38.05,35.49,57.77,20.93,38.51
Feb-22,53.0,Feb,53.0,46.54,29.92,38.32,35.79,58.09,21.21,38.7
Feb-23,54.0,Feb,54.0,46.86,30.14,38.58,36.09,58.41,21.48,38.89
Feb-24,55.0,Feb,55.0,47.18,30.36,38.84,36.38,58.73,21.75,39.08
Feb-25,56.0,Feb,56.0,47.5,30.58,39.1,36.67,59.04,22.02,39.28
Feb-26,57.0,Feb,57.0,47.82,30.8,39.36,36.96,59.35,22.29,39.47
Feb-27,58.0,Feb,58.0,48.13,31.02,39.62,37.25,59.66,22.55,39.67
Feb-28,59.0,Feb,59.0,48.45,31.25,39.87,37.54,59.97,22.82,39.86
Feb-29,59.5,Feb,59.5,48.61,31.36,40.0,37.68,60.12,22.95,39.96
Mar-01,60.0,Mar,60.0,48.77,31.47,40.13,37.83,60.27,23.09,40.06
Mar-02,61.0,Mar,61.0,49.09,31.69,40.37,38.11,60.57,23.35,40.25
Mar-03,62.0,Mar,62.0,49.4,31.91,40.62,38.39,60.87,23.61,40.45
Mar-04,63.0,Mar,63.0,49.72,32.13,40.86,38.67,61.16,23.87,40.65
Mar-05,64.0,Mar,64.0,50.03,32.35,41.1,38.95,61.45,24.14,40.85
Mar-06,65.0,Mar,65.0,50.35,32.56,41.34,39.23,61.75,24.39,41.05
Mar-07,66.0,Mar,66.0,50.66,32.78,41.57,39.5,62.04,24.65,41.25
Mar-08,67.0,Mar,67.0,50.97,33.0,41.81,39.78,62.32,24.91,41.45
Mar-09,68.0,Mar,68.0,51.28,33.22,42.04,40.05,62.61,25.17,41.65
Mar-10,69.0,Mar,69.0,51.59,33.44,42.26,40.32,62.9,25.42,41.85
Mar-11,70.0,Mar,70.0,51.9,33.66,42.49,40.59,63.18,25.67,42.06
Mar-12,71.0,Mar,71.0,52.21,33.88,42.71,40.86,63.46,25.93,42.26
Mar-13,72.0,Mar,72.0,52.51,34.1,42.94,41.13,63.74,26.18,42.47
Mar-14,73.0,Mar,73.0,52.82,34.32,43.16,41.4,64.02,26.43,42.67
Mar-15,74.0,Mar,74.0,53.12,34.54,43.38,41.66,64.3,26.68,42.88
Mar-16,75.0,Mar,75.0,53.42,34.76,43.6,41.93,64.58,26.92,43.09
Mar-17,76.0,Mar,76.0,53.72,34.97,43.82,42.19,64.86,27.17,43.29
Mar-18,77.0,Mar,77.0,54.01,35.19,44.03,42.45,65.14,27.42,43.5
Mar-19,78.0,Mar,78.0,54.31,35.41,44.25,42.71,65.42,27.66,43.72
Mar-20,79.0,Mar,79.0,54.6,35.63,44.47,42.97,65.7,27.9,43.93
Mar-21,80.0,Mar,80.0,54.89,35.85,44.68,43.23,65.98,28.15,44.14
Mar-22,81.0,Mar,81.0,55.18,36.07,44.9,43.49,66.25,28.39,44.35
Mar-23,82.0,Mar,82.0,55.47,36.29,45.11,43.75,66.53,28.63,44.57
Mar-24,83.0,Mar,83.0,55.75,36.51,45.33,44.0,66.81,28.86,44.79
Mar-25,84.0,Mar,84.0,56.04,36.73,45.54,44.26,67.09,29.1,45.0
Mar-26,85.0,Mar,85.0,56.32,36.95,45.76,44.51,67.37,29.34,45.22
Mar-27,86.0,Mar,86.0,56.6,37.18,45.98,44.77,67.65,29.57,45.44
Mar-28,87.0,Mar,87.0,56.87,37.4,46.19,45.02,67.93,29.81,45.66
Mar-29,88.0,Mar,88.0,57.14,37.62,46.41,45.27,68.22,30.04,45.88
Mar-30,89.0,Mar,89.0,57.41,37.84,46.63,45.52,68.5,30.27,46.11
Mar-31,90.0,Mar,90.0,57.68,38.06,46.85,45.77,68.79,30.5,46.33
Apr-01,91.0,Apr,91.0,57.94,38.29,47.07,46.03,69.07,30.73,46.56
Apr-02,92.0,Apr,92.0,58.21,38.51,47.3,46.28,69.36,30.96,46.79
Apr-03,93.0,Apr,93.0,58.47,38.74,47.52,46.53,69.65,31.19,47.01
Apr-04,94.0,Apr,94.0,58.72,38.96,47.75,46.77,69.94,31.41,47.24
Apr-05,95.0,Apr,95.0,58.98,39.18,47.98,47.02,70.24,31.64,47.48
Apr-06,96.0,Apr,96.0,59.23,39.41,48.21,47.27,70.53,31.86,47.71
Apr-07,97.0,Apr,97.0,59.48,39.64,48.44,47.52,70.83,32.09,47.94
Apr-08,98.0,Apr,98.0,59.73,39.86,48.68,47.77,71.13,32.31,48.18
Apr-09,99.0,Apr,99.0,59.98,40.09,48.91,48.02,71.43,32.53,48.42
Apr-10,100.0,Apr,100.0,60.22,40.32,49.15,48.26,71.74,32.75,48.66
Apr-11,101.0,Apr,101.0,60.47,40.55,49.4,48.51,72.05,32.97,48.9
Apr-12,102.0,Apr,102.0,60.71,40.78,49.64,48.76,72.36,33.19,49.14
Apr-13,103.0,Apr,103.0,60.96,41.01,49.89,49.01,72.67,33.4,49.38
Apr-14,104.0,Apr,104.0,61.2,41.24,50.14,49.25,72.99,33.62,49.63
Apr-15,105.0,Apr,105.0,61.45,41.47,50.4,49.5,73.3,33.83,49.87
Apr-16,106.0,Apr,106.0,61.7,41.7,50.66,49.75,73.63,34.04,50.12
Apr-17,107.0,Apr,107.0,61.94,41.93,50.92,50.0,73.95,34.26,50.37
Apr-18,108.0,Apr,108.0,62.19,42.17,51.19,50.24,74.28,34.47,50.62
Apr-19,109.0,Apr,109.0,62.44,42.4,51.46,50.49,74.61,34.68,50.88
Apr-20,110.0,Apr,110.0,62.69,42.64,51.74,50.74,74.95,34.89,51.13
Apr-21,111.0,Apr,111.0,62.94,42.87,52.02,50.99,75.28,35.1,51.39
Apr-22,112.0,Apr,112.0,63.19,43.11,52.3,51.25,75.62,35.31,51.64
Apr-23,113.0,Apr,113.0,63.45,43.35,52.59,51.5,75.96,35.52,51.9
Apr-24,114.0,Apr,114.0,63.7,43.59,52.88,51.75,76.31,35.73,52.16
Apr-25,115.0,Apr,115.0,63.96,43.83,53.18,52.01,76.65,35.94,52.43
Apr-26,116.0,Apr,116.0,64.23,44.07,53.49,52.27,77.0,36.15,52.69
Apr-27,117.0,Apr,117.0,64.49,44.32,53.79,52.53,77.35,36.36,52.96
Apr-28,118.0,Apr,118.0,64.76,44.56,54.11,52.79,77.7,36.58,53.22
Apr-29,119.0,Apr,119.0,65.04,44.81,54.43,53.05,78.05,36.79,53.49
Apr-30,120.0,Apr,120.0,65.31,45.06,54.75,53.32,78.4,37.01,53.76
May-01,121.0,May,121.0,65.59,45.31,55.09,53.59,78.76,37.22,54.03
May-02,122.0,May,122.0,65.88,45.56,55.42,53.86,79.11,37.44,54.31
May-03,123.0,May,123.0,66.17,45.81,55.77,54.14,79.47,37.66,54.58
May-04,124.0,May,124.0,66.46,46.06,56.12,54.42,79.82,37.88,54.85
May-05,125.0,May,125.0,66.76,46.32,56.47,54.7,80.18,38.1,55.13
May-06,126.0,May,126.0,67.07,46.58,56.83,54.98,80.54,38.32,55.41
May-07,127.0,May,127.0,67.38,46.84,57.2,55.27,80.9,38.55,55.69
May-08,128.0,May,128.0,67.69,47.1,57.57,55.57,81.25,38.77,55.97
May-09,129.0,May,129.0,68.01,47.36,57.94,55.86,81.61,39.0,56.25
May-10,130.0,May,130.0,68.34,47.63,58.32,56.16,81.97,39.24,56.53
May-11,131.0,May,131.0,68.68,47.9,58.7,56.47,82.33,39.47,56.82
May-12,132.0,May,132.0,69.02,48.17,59.09,56.78,82.69,39.71,57.11
May-13,133.0,May,133.0,69.37,48.44,59.48,57.09,83.05,39.95,57.39
May-14,134.0,May,134.0,69.72,48.71,59.87,57.41,83.4,40.19,57.68
May-15,135.0,May,135.0,70.08,48.99,60.26,57.74,83.76,40.44,57.97
May-16,136.0,May,136.0,70.45,49.27,60.66,58.07,84.12,40.69,58.26
May-17,137.0,May,137.0,70.83,49.55,61.06,58.4,84.47,40.94,58.55
May-18,138.0,May,138.0,71.22,49.83,61.46,58.74,84.83,41.2,58.85
May-19,139.0,May,139.0,71.61,50.12,61.87,59.09,85.18,41.46,59.14
May-20,140.0,May,140.0,72.01,50.41,62.27,59.44,85.53,41.72,59.44
May-21,141.0,May,141.0,72.42,50.7,62.68,59.8,85.88,41.99,59.74
May-22,142.0,May,142.0,72.83,50.99,63.09,60.16,86.23,42.27,60.03
May-23,143.0,May,143.0,73.25,51.29,63.5,60.54,86.58,42.54,60.33
May-24,144.0,May,144.0,73.68,51.59,63.91,60.91,86.92,42.82,60.63
May-25,145.0,May,145.0,74.11,51.89,64.32,61.3,87.26,43.11,60.93
May-26,146.0,May,146.0,74.54,52.2,64.73,61.69,87.6,43.4,61.24
May-27,147.0,May,147.0,74.98,52.5,65.14,62.09,87.94,43.7,61.54
May-28,148.0,May,148.0,75.42,52.81,65.54,62.49,88.28,44.0,61.85
May-29,149.0,May,149.0,75.87,53.13,65.95,62.9,88.61,44.3,62.15
May-30,150.0,May,150.0,76.31,53.44,66.36,63.32,88.94,44.61,62.46
May-31,151.0,May,151.0,76.76,53.76,66.77,63.75,89.27,44.93,62.77
Jun-01,152.0,Jun,152.0,77.22,54.08,67.17,64.19,89.6,45.25,63.07
Jun-02,153.0,Jun,153.0,77.67,54.41,67.57,64.63,89.92,45.58,63.38
Jun-03,154.0,Jun,154.0,78.13,54.74,67.97,65.08,90.24,45.91,63.7
Jun-04,155.0,Jun,155.0,78.58,55.07,68.37,65.54,90.56,46.25,64.01
Jun-05,156.0,Jun,156.0,79.04,55.41,68.76,66.01,90.87,46.6,64.32
Jun-06,157.0,Jun,157.0,79.49,55.75,69.16,66.49,91.18,46.95,64.63
Jun-07,158.0,Jun,158.0,79.94,56.09,69.54,66.98,91.49,47.31,64.95
Jun-08,159.0,Jun,159.0,80.4,56.43,69.93,67.47,91.79,47.67,65.26
Jun-09,160.0,Jun,160.0,80.85,56.78,70.31,67.97,92.09,48.04,65.58
Jun-10,161.0,Jun,161.0,81.3,57.13,70.69,68.48,92.38,48.42,65.9
Jun-11,162.0,Jun,162.0,81.74,57.48,71.06,68.99,92.67,48.79,66.21
Jun-12,163.0,Jun,163.0,82.19,57.83,71.43,69.51,92.96,49.18,66.52
Jun-13,164.0,Jun,164.0,82.63,58.19,71.8,70.03,93.24,49.56,66.84
Jun-14,165.0,Jun,165.0,83.06,58.54,72.15,70.56,93.51,49.95,67.15
Jun-15,166.0,Jun,166.0,83.5,58.9,72.51,71.09,93.79,50.34,67.46
Jun-16,167.0,Jun,167.0,83.92,59.25,72.86,71.62,94.05,50.73,67.77
Jun-17,168.0,Jun,168.0,84.35,59.6,73.2,72.15,94.32,51.12,68.08
Jun-18,169.0,Jun,169.0,84.76,59.95,73.54,72.69,94.58,51.51,68.38
Jun-19,170.0,Jun,170.0,85.17,60.31,73.87,73.22,94.83,51.9,68.69
Jun-20,171.0,Jun,171.0,85.58,60.66,74.19,73.76,95.08,52.3,68.99
Jun-21,172.0,Jun,172.0,85.97,61.0,74.51,74.29,95.32,52.69,69.28
Jun-22,173.0,Jun,173.0,86.36,61.35,74.82,74.82,95.56,53.08,69.58
Jun-23,174.0,Jun,174.0,86.75,61.69,75.12,75.35,95.79,53.47,69.87
Jun-24,175.0,Jun,175.0,87.12,62.03,75.41,75.88,96.02,53.85,70.16
Jun-25,176.0,Jun,176.0,87.48,62.36,75.7,76.4,96.24,54.24,70.44
Jun-26,177.0,Jun,177.0,87.84,62.7,75.98,76.92,96.45,54.62,70.72
Jun-27,178.0,Jun,178.0,88.19,63.02,76.25,77.44,96.66,54.99,70.99
Jun-28,179.0,Jun,179.0,88.52,63.35,76.51,77.95,96.87,55.36,71.26
Jun-29,180.0,Jun,180.0,88.85,63.66,76.76,78.45,97.06,55.73,71.52
Jun-30,181.0,Jun,181.0,89.16,63.97,77.0,78.94,97.25,56.09,71.78
Jul-01,182.0,Jul,182.0,89.47,64.28,77.24,79.43,97.44,56.45,72.03
Jul-02,183.0,Jul,183.0,89.76,64.58,77.46,79.91,97.62,56.8,72.28
Jul-03,184.0,Jul,184.0,90.04,64.87,77.67,80.38,97.79,57.14,72.52
Jul-04,185.0,Jul,185.0,90.31,65.16,77.88,80.84,97.95,57.48,72.75
Jul-05,186.0,Jul,186.0,90.56,65.44,78.07,81.29,98.11,57.81,72.97
Jul-06,187.0,Jul,187.0,90.81,65.71,78.26,81.73,98.26,58.13,73.19
Jul-07,188.0,Jul,188.0,91.04,65.97,78.43,82.16,98.41,58.44,73.41
Jul-08,189.0,Jul,189.0,91.26,66.23,78.6,82.58,98.54,58.74,73.61
Jul-09,190.0,Jul,190.0,91.47,66.48,78.75,82.98,98.67,59.04,73.81
Jul-10,191.0,Jul,191.0,91.66,66.71,78.9,83.37,98.79,59.32,73.99
Jul-11,192.0,Jul,192.0,91.85,66.94,79.03,83.74,98.91,59.59,74.17
Jul-12,193.0,Jul,193.0,92.02,67.16,79.16,84.1,99.02,59.85,74.34
Jul-13,194.0,Jul,194.0,92.18,67.36,79.28,84.45,99.12,60.1,74.5
Jul-14,195.0,Jul,195.0,92.33,67.56,79.38,84.78,99.21,60.34,74.66
Jul-15,196.0,Jul,196.0,92.47,67.75,79.48,85.09,99.29,60.56,74.8
Jul-16,197.0,Jul,197.0,92.59,67.92,79.57,85.38,99.37,60.78,74.93
Jul-17,198.0,Jul,198.0,92.71,68.08,79.65,85.66,99.44,60.97,75.06
Jul-18,199.0,Jul,199.0,92.81,68.23,79.72,85.91,99.49,61.16,75.17
Jul-19,200.0,Jul,200.0,92.9,68.37,79.78,86.15,99.55,61.33,75.27
Jul-20,201.0,Jul,201.0,92.98,68.49,79.83,86.37,99.59,61.48,75.36
Jul-21,202.0,Jul,202.0,93.05,68.6,79.87,86.56,99.62,61.62,75.44
Jul-22,203.0,Jul,203.0,93.1,68.7,79.9,86.74,99.65,61.74,75.51
Jul-23,204.0,Jul,204.0,93.15,68.79,79.92,86.89,99.66,61.85,75.56
Jul-24,205.0,Jul,205.0,93.18,68.85,79.94,87.02,99.67,61.94,75.61
Jul-25,206.0,Jul,206.0,93.2,68.91,79.94,87.12,99.67,62.01,75.64
Jul-26,207.0,Jul,207.0,93.21,68.95,79.94,87.2,99.66,62.06,75.66
Jul-27,208.0,Jul,208.0,93.21,68.97,79.92,87.26,99.64,62.1,75.67
Jul-28,209.0,Jul,209.0,93.2,68.98,79.9,87.29,99.61,62.11,75.66
Jul-29,210.0,Jul,210.0,93.17,68.97,79.86,87.29,99.57,62.11,75.64
Jul-30,211.0,Jul,211.0,93.13,68.95,79.82,87.27,99.52,62.09,75.61
Jul-31,212.0,Jul,212.0,93.09,68.91,79.77,87.23,99.47,62.05,75.56
Aug-01,213.0,Aug,213.0,93.03,68.85,79.71,87.16,99.4,61.99,75.5
Aug-02,214.0,Aug,214.0,92.96,68.78,79.64,87.07,99.32,61.91,75.43
Aug-03,215.0,Aug,215.0,92.88,68.7,79.56,86.95,99.24,61.82,75.35
Aug-04,216.0,Aug,216.0,92.78,68.6,79.48,86.81,99.15,61.71,75.26
Aug-05,217.0,Aug,217.0,92.68,68.49,79.38,86.65,99.04,61.59,75.15
Aug-06,218.0,Aug,218.0,92.56,68.36,79.27,86.47,98.93,61.45,75.04
Aug-07,219.0,Aug,219.0,92.44,68.22,79.16,86.27,98.82,61.29,74.91
Aug-08,220.0,Aug,220.0,92.3,68.07,79.04,86.05,98.69,61.12,74.77
Aug-09,221.0,Aug,221.0,92.15,67.91,78.91,85.8,98.55,60.93,74.62
Aug-10,222.0,Aug,222.0,91.99,67.73,78.76,85.54,98.41,60.73,74.46
Aug-11,223.0,Aug,223.0,91.82,67.54,78.62,85.26,98.26,60.52,74.29
Aug-12,224.0,Aug,224.0,91.63,67.34,78.46,84.97,98.1,60.29,74.11
Aug-13,225.0,Aug,225.0,91.44,67.13,78.29,84.65,97.93,60.05,73.92
Aug-14,226.0,Aug,226.0,91.23,66.91,78.11,84.32,97.76,59.8,73.72
Aug-15,227.0,Aug,227.0,91.02,66.68,77.93,83.97,97.57,59.53,73.51
Aug-16,228.0,Aug,228.0,90.79,66.43,77.74,83.61,97.38,59.26,73.29
Aug-17,229.0,Aug,229.0,90.55,66.18,77.54,83.23,97.19,58.97,73.07
Aug-18,230.0,Aug,230.0,90.3,65.91,77.33,82.84,96.98,58.67,72.83
Aug-19,231.0,Aug,231.0,90.04,65.64,77.11,82.44,96.77,58.36,72.59
Aug-20,232.0,Aug,232.0,89.77,65.36,76.88,82.02,96.55,58.04,72.34
Aug-21,233.0,Aug,233.0,89.49,65.07,76.64,81.58,96.33,57.71,72.08
Aug-22,234.0,Aug,234.0,89.2,64.77,76.4,81.14,96.1,57.37,71.81
Aug-23,235.0,Aug,235.0,88.9,64.46,76.15,80.68,95.86,57.03,71.54
Aug-24,236.0,Aug,236.0,88.59,64.14,75.89,80.22,95.61,56.67,71.25
Aug-25,237.0,Aug,237.0,88.27,63.82,75.62,79.74,95.36,56.31,70.97
Aug-26,238.0,Aug,238.0,87.95,63.49,75.34,79.25,95.1,55.94,70.67
Aug-27,239.0,Aug,239.0,87.61,63.15,75.05,78.75,94.84,55.56,70.37
Aug-28,240.0,Aug,240.0,87.26,62.81,74.76,78.25,94.56,55.17,70.06
Aug-29,241.0,Aug,241.0,86.91,62.45,74.45,77.73,94.29,54.78,69.75
Aug-30,242.0,Aug,242.0,86.55,62.1,74.14,77.21,94.0,54.39,69.43
Aug-31,243.0,Aug,243.0,86.18,61.73,73.82,76.68,93.72,53.98,69.1
Sep-01,244.0,Sep,244.0,85.8,61.36,73.5,76.15,93.42,53.57,68.77
Sep-02,245.0,Sep,245.0,85.41,60.99,73.16,75.61,93.12,53.16,68.43
Sep-03,246.0,Sep,246.0,85.02,60.61,72.82,75.06,92.82,52.75,68.09
Sep-04,247.0,Sep,247.0,84.62,60.23,72.47,74.51,92.5,52.32,67.75
Sep-05,248.0,Sep,248.0,84.21,59.84,72.11,73.95,92.19,51.9,67.39
Sep-06,249.0,Sep,249.0,83.8,59.45,71.74,73.39,91.87,51.47,67.04
Sep-07,250.0,Sep,250.0,83.38,59.05,71.37,72.83,91.54,51.04,66.68
Sep-08,251.0,Sep,251.0,82.96,58.66,70.99,72.26,91.21,50.61,66.32
Sep-09,252.0,Sep,252.0,82.52,58.25,70.6,71.7,90.87,50.18,65.95
Sep-10,253.0,Sep,253.0,82.09,57.85,70.21,71.13,90.53,49.74,65.58
Sep-11,254.0,Sep,254.0,81.64,57.44,69.81,70.56,90.18,49.3,65.21
Sep-12,255.0,Sep,255.0,81.2,57.04,69.4,69.99,89.83,48.87,64.84
Sep-13,256.0,Sep,256.0,80.74,56.63,68.99,69.42,89.48,48.43,64.46
Sep-14,257.0,Sep,257.0,80.28,56.21,68.57,68.85,89.12,47.99,64.08
Sep-15,258.0,Sep,258.0,79.82,55.8,68.15,68.28,88.76,47.56,63.7
Sep-16,259.0,Sep,259.0,79.35,55.39,67.72,67.72,88.39,47.12,63.31
Sep-17,260.0,Sep,260.0,78.88,54.97,67.29,67.15,88.02,46.69,62.93
Sep-18,261.0,Sep,261.0,78.41,54.56,66.85,66.59,87.64,46.26,62.54
Sep-19,262.0,Sep,262.0,77.93,54.14,66.41,66.04,87.26,45.83,62.15
Sep-20,263.0,Sep,263.0,77.44,53.73,65.96,65.48,86.88,45.4,61.76
Sep-21,264.0,Sep,264.0,76.96,53.31,65.51,64.93,86.49,44.97,61.37
Sep-22,265.0,Sep,265.0,76.47,52.9,65.05,64.39,86.1,44.55,60.98
Sep-23,266.0,Sep,266.0,75.98,52.49,64.59,63.84,85.71,44.13,60.59
Sep-24,267.0,Sep,267.0,75.48,52.07,64.12,63.3,85.31,43.71,60.19
Sep-25,268.0,Sep,268.0,74.99,51.66,63.66,62.77,84.91,43.29,59.8
Sep-26,269.0,Sep,269.0,74.49,51.25,63.19,62.23,84.51,42.87,59.4
Sep-27,270.0,Sep,270.0,73.99,50.83,62.71,61.7,84.1,42.46,59.01
Sep-28,271.0,Sep,271.0,73.48,50.42,62.23,61.17,83.69,42.05,58.61
Sep-29,272.0,Sep,272.0,72.98,50.01,61.75,60.65,83.28,41.64,58.22
Sep-30,273.0,Sep,273.0,72.47,49.6,61.27,60.13,82.86,41.23,57.82
Oct-01,274.0,Oct,274.0,71.97,49.19,60.78,59.61,82.44,40.82,57.42
Oct-02,275.0,Oct,275.0,71.46,48.78,60.29,59.09,82.02,40.42,57.03
Oct-03,276.0,Oct,276.0,70.95,48.37,59.8,58.58,81.59,40.01,56.63
Oct-04,277.0,Oct,277.0,70.44,47.96,59.31,58.07,81.16,39.61,56.23
Oct-05,278.0,Oct,278.0,69.93,47.55,58.82,57.56,80.73,39.21,55.84
Oct-06,279.0,Oct,279.0,69.42,47.14,58.32,57.05,80.3,38.81,55.44
Oct-07,280.0,Oct,280.0,68.91,46.74,57.82,56.55,79.86,38.41,55.05
Oct-08,281.0,Oct,281.0,68.4,46.33,57.33,56.05,79.42,38.01,54.65
Oct-09,282.0,Oct,282.0,67.89,45.93,56.83,55.55,78.98,37.62,54.26
Oct-10,283.0,Oct,283.0,67.38,45.52,56.33,55.06,78.54,37.22,53.86
Oct-11,284.0,Oct,284.0,66.87,45.12,55.83,54.56,78.09,36.83,53.47
Oct-12,285.0,Oct,285.0,66.36,44.72,55.32,54.07,77.64,36.44,53.08
Oct-13,286.0,Oct,286.0,65.84,44.32,54.82,53.58,77.19,36.05,52.69
Oct-14,287.0,Oct,287.0,65.33,43.92,54.32,53.1,76.74,35.66,52.3
Oct-15,288.0,Oct,288.0,64.82,43.52,53.82,52.61,76.28,35.27,51.91
Oct-16,289.0,Oct,289.0,64.31,43.13,53.32,52.13,75.82,34.88,51.52
Oct-17,290.0,Oct,290.0,63.8,42.73,52.82,51.65,75.36,34.49,51.14
Oct-18,291.0,Oct,291.0,63.29,42.34,52.32,51.17,74.9,34.11,50.75
Oct-19,292.0,Oct,292.0,62.78,41.95,51.82,50.7,74.44,33.72,50.37
Oct-20,293.0,Oct,293.0,62.27,41.56,51.33,50.22,73.97,33.34,49.99
Oct-21,294.0,Oct,294.0,61.76,41.17,50.83,49.75,73.51,32.95,49.61
Oct-22,295.0,Oct,295.0,61.25,40.78,50.34,49.28,73.04,32.57,49.23
Oct-23,296.0,Oct,296.0,60.75,40.39,49.84,48.81,72.57,32.19,48.86
Oct-24,297.0,Oct,297.0,60.24,40.01,49.35,48.35,72.1,31.81,48.48
Oct-25,298.0,Oct,298.0,59.74,39.62,48.87,47.88,71.62,31.43,48.11
Oct-26,299.0,Oct,299.0,59.23,39.24,48.38,47.42,71.15,31.05,47.74
Oct-27,300.0,Oct,300.0,58.73,38.86,47.9,46.95,70.67,30.67,47.38
Oct-28,301.0,Oct,301.0,58.23,38.49,47.41,46.49,70.2,30.29,47.01
Oct-29,302.0,Oct,302.0,57.73,38.11,46.94,46.04,69.72,29.91,46.65
Oct-30,303.0,Oct,303.0,57.23,37.74,46.46,45.58,69.24,29.53,46.29
Oct-31,304.0,Oct,304.0,56.73,37.37,45.99,45.12,68.76,29.15,45.93
Nov-01,305.0,Nov,305.0,56.24,37.0,45.52,44.67,68.28,28.77,45.58
Nov-02,306.0,Nov,306.0,55.75,36.63,45.06,44.21,67.8,28.4,45.23
Nov-03,307.0,Nov,307.0,55.25,36.26,44.6,43.76,67.31,28.02,44.88
Nov-04,308.0,Nov,308.0,54.76,35.9,44.14,43.31,66.83,27.64,44.54
Nov-05,309.0,Nov,309.0,54.28,35.54,43.69,42.86,66.34,27.27,44.2
Nov-06,310.0,Nov,310.0,53.79,35.18,43.24,42.41,65.86,26.89,43.86
Nov-07,311.0,Nov,311.0,53.31,34.82,42.79,41.96,65.37,26.51,43.52
Nov-08,312.0,Nov,312.0,52.83,34.47,42.35,41.52,64.89,26.14,43.19
Nov-09,313.0,Nov,313.0,52.35,34.12,41.92,41.07,64.4,25.76,42.86
Nov-10,314.0,Nov,314.0,51.87,33.77,41.48,40.63,63.91,25.38,42.54
Nov-11,315.0,Nov,315.0,51.4,33.42,41.06,40.18,63.42,25.0,42.22
Nov-12,316.0,Nov,316.0,50.92,33.08,40.64,39.74,62.94,24.63,41.9
Nov-13,317.0,Nov,317.0,50.45,32.74,40.22,39.3,62.45,24.25,41.59
Nov-14,318.0,Nov,318.0,49.99,32.4,39.81,38.86,61.96,23.88,41.28
Nov-15,319.0,Nov,319.0,49.52,32.06,39.4,38.43,61.48,23.51,40.97
Nov-16,320.0,Nov,320.0,49.06,31.73,39.0,37.99,60.99,23.13,40.67
Nov-17,321.0,Nov,321.0,48.61,31.4,38.61,37.56,60.51,22.76,40.38
Nov-18,322.0,Nov,322.0,48.15,31.08,38.22,37.13,60.03,22.39,40.08
Nov-19,323.0,Nov,323.0,47.7,30.76,37.83,36.71,59.56,22.03,39.8
Nov-20,324.0,Nov,324.0,47.25,30.44,37.46,36.29,59.08,21.67,39.51
Nov-21,325.0,Nov,325.0,46.81,30.13,37.08,35.87,58.61,21.3,39.23
Nov-22,326.0,Nov,326.0,46.37,29.82,36.72,35.45,58.15,20.95,38.96
Nov-23,327.0,Nov,327.0,45.94,29.51,36.36,35.05,57.69,20.59,38.69
Nov-24,328.0,Nov,328.0,45.51,29.21,36.01,34.64,57.23,20.24,38.43
Nov-25,329.0,Nov,329.0,45.08,28.92,35.66,34.24,56.77,19.89,38.17
Nov-26,330.0,Nov,330.0,44.67,28.63,35.32,33.85,56.32,19.55,37.91
Nov-27,331.0,Nov,331.0,44.25,28.34,34.99,33.46,55.88,19.21,37.66
Nov-28,332.0,Nov,332.0,43.85,28.06,34.66,33.07,55.44,18.87,37.41
Nov-29,333.0,Nov,333.0,43.45,27.78,34.34,32.69,55.01,18.54,37.17
Nov-30,334.0,Nov,334.0,43.05,27.51,34.03,32.32,54.59,18.21,36.94
Dec-01,335.0,Dec,335.0,42.67,27.25,33.73,31.96,54.17,17.89,36.71
Dec-02,336.0,Dec,336.0,42.29,26.99,33.43,31.6,53.75,17.58,36.49
Dec-03,337.0,Dec,337.0,41.91,26.73,33.15,31.25,53.35,17.27,36.27
Dec-04,338.0,Dec,338.0,41.55,26.48,32.86,30.9,52.95,16.96,36.05
Dec-05,339.0,Dec,339.0,41.19,26.24,32.59,30.56,52.56,16.67,35.85
Dec-06,340.0,Dec,340.0,40.84,26.0,32.33,30.23,52.18,16.37,35.64
Dec-07,341.0,Dec,341.0,40.5,25.77,32.07,29.91,51.81,16.09,35.45
Dec-08,342.0,Dec,342.0,40.17,25.55,31.82,29.6,51.44,15.81,35.26
Dec-09,343.0,Dec,343.0,39.84,25.33,31.58,29.29,51.09,15.54,35.07
Dec-10,344.0,Dec,344.0,39.53,25.12,31.35,29.0,50.74,15.28,34.9
Dec-11,345.0,Dec,345.0,39.23,24.92,31.13,28.71,50.41,15.02,34.72
Dec-12,346.0,Dec,346.0,38.93,24.72,30.91,28.43,50.08,14.77,34.56
Dec-13,347.0,Dec,347.0,38.65,24.53,30.71,28.16,49.77,14.53,34.4
Dec-14,348.0,Dec,348.0,38.37,24.35,30.51,27.9,49.46,14.3,34.24
Dec-15,349.0,Dec,349.0,38.11,24.17,30.33,27.65,49.17,14.07,34.1
Dec-16,350.0,Dec,350.0,37.85,24.01,30.15,27.41,48.89,13.86,33.96
Dec-17,351.0,Dec,351.0,37.61,23.85,29.98,27.18,48.62,13.65,33.82
Dec-18,352.0,Dec,352.0,37.38,23.69,29.82,26.97,48.37,13.46,33.69
Dec-19,353.0,Dec,353.0,37.16,23.55,29.67,26.76,48.12,13.27,33.57
Dec-20,354.0,Dec,354.0,36.95,23.41,29.53,26.56,47.89,13.09,33.46
Dec-21,355.0,Dec,355.0,36.76,23.28,29.41,26.38,47.67,12.93,33.35
Dec-22,356.0,Dec,356.0,36.57,23.16,29.29,26.21,47.47,12.77,33.25
Dec-23,357.0,Dec,357.0,36.4,23.05,29.18,26.05,47.28,12.62,33.16
Dec-24,358.0,Dec,358.0,36.25,22.95,29.08,25.9,47.1,12.49,33.07
Dec-25,359.0,Dec,359.0,36.1,22.86,28.99,25.76,46.94,12.36,32.99
Dec-26,360.0,Dec,360.0,35.97,22.77,28.92,25.64,46.79,12.25,32.92
Dec-27,361.0,Dec,361.0,35.85,22.69,28.85,25.53,46.66,12.15,32.86
Dec-28,362.0,Dec,362.0,35.75,22.63,28.79,25.44,46.54,12.06,32.8
Dec-29,363.0,Dec,363.0,35.66,22.57,28.75,25.35,46.44,11.98,32.75
Dec-30,364.0,Dec,364.0,35.58,22.52,28.72,25.28,46.36,11.91,32.71
Dec-31,365.0,Dec,365.0,35.52,22.48,28.7,25.23,46.29,11.86,32.67
